kepid,rad,rade,rad_true,vsini,vsini_true,period,cosi_true
0,1.7052468539155863,0.06816821490059112,1.7042053725147779,9.709271734321666,10.200244016887513,6.065601567851723,0.6964691855978616
1,1.3823914346343378,0.05453103351759786,1.3632758379399466,2.86580617432816,4.174971488630741,15.829568965652015,0.28613933495037946
2,1.3428020253496689,0.05445361508702851,1.3613403771757129,5.879594650948164,5.8882551176897495,11.39188781868559,0.2268514535642031
3,1.361012616101581,0.0556186354819563,1.3904658870489075,12.721143402368968,11.744330419899358,4.99736484352524,0.5513147690828912
4,0.9528728495917644,0.03610794357583008,0.902698589395752,2.389294073583727,4.140364422776097,7.660902755424807,0.7194689697855631
5,1.4330466677823486,0.05463095581820127,1.3657738954550318,2.2606270890644797,2.926484056083867,21.393769257952332,0.42310646012446096
6,1.1066474088433278,0.044079341288512465,1.1019835322128115,3.363076981968921,3.3271364794650022,3.270876535735937,0.9807641983846155
7,1.843689783287403,0.07771284944474542,1.9428212361186357,9.576884792749201,8.726781909224764,8.207624406289971,0.6848297385848633
8,1.3802460871806648,0.057142600825655906,1.4285650206413976,3.9202411722829824,3.537370933256117,17.913780636105415,0.48093190148436094
9,1.4825790302343516,0.058511829712719454,1.4627957428179863,10.47316458938364,10.147700961201508,6.708909284621827,0.3921175181941505
10,2.2404398742642306,0.08427794998699657,2.106948749674914,13.462740529327148,13.687053315298048,7.315142146526564,0.3431780161508694
11,1.8858914334919898,0.07793228473123825,1.9483071182809564,7.529387357149028,7.047513100130313,9.573223675953807,0.7290497073840416
12,1.280507539093845,0.053124137154185,1.328103428854625,4.05277337420876,3.038469490675299,19.873663185791102,0.4385722446796244
13,2.2058052428193426,0.08858471731115511,2.2146179327788778,13.301419820537808,15.01041159708701,7.451086422656409,0.05967789660956835
14,1.2635523815184433,0.052487033364647266,1.3121758341161815,8.200233194876269,7.471697794041135,8.150863272310264,0.3980442553304314
15,1.3964286283825527,0.05469659483021194,1.3674148707552984,5.6033745797030985,5.702134385569812,8.187093398871001,0.7379954057320357
16,0.9738573923471605,0.04304693034740031,1.0761732586850077,1.4083488340496615,1.9383376982641758,27.617605172166872,0.18249173045349998
17,1.2721652658932254,0.04955119235197489,1.2387798087993722,0.0,2.2539042870219475,27.37519477012059,0.17545175614749253
18,1.343687730053027,0.054347522983880514,1.358688074597013,2.2865049075220707,3.6668562311763697,15.878547756859994,0.5315513738418384
19,1.9266849162365025,0.07633406082025351,1.9083515205063377,8.542170514663361,6.84411152241611,11.946406264748017,0.5318275870968661
20,1.3634747654741979,0.05649459739366397,1.4123649348415992,3.244625553409066,3.9331740858726207,14.043446858012263,0.6344009585513211
21,1.3754977664485946,0.053232746045597745,1.3308186511399436,0.7035560314701486,1.7883248027232306,19.86764565504945,0.8494317940777896
22,1.5303724887593413,0.059530957468107035,1.4882739367026758,7.530134148725987,7.98656010486958,6.498800815860234,0.7244553248606352
23,1.0982610672208375,0.0454376421088365,1.1359410527209126,1.9020770174884907,2.647224239347084,17.18564391299923,0.6110235106775829
24,1.2618861920699538,0.05073411753612571,1.2683529384031427,8.028462759438442,7.904104126819527,5.613372548539834,0.7224433825702216
25,1.4558777284827906,0.055396693679730456,1.3849173419932614,10.411912675834872,8.89493899758826,7.455035219445879,0.3229589138531782
26,1.1023031379532475,0.04468728011454583,1.1171820028636457,2.8833733581320793,3.469989308984293,15.18521828323758,0.3617886556223141
27,2.161609001511871,0.09252555523408316,2.313138880852079,22.153460248759895,21.999170198208024,5.179214047078853,0.22826323087895561
28,1.1824807309302974,0.05009431931659331,1.2523579829148328,5.31287107433694,6.460108215577175,9.375323365426706,0.29371404638882936
29,1.5140585326166542,0.062084996110097886,1.552124902752447,10.579928885355093,9.05976244314856,6.724330035759485,0.6309761238544878
30,2.294453905487834,0.09480075922172043,2.3700189805430107,13.620213248109154,13.431169805695044,8.889475265949184,0.09210493994507518
31,1.1312376204711798,0.043150672206760304,1.0787668051690076,16.761912225716095,17.843731349006717,2.756018819996604,0.43370117267952824
32,1.485039691472572,0.0604809942037308,1.51202485509327,16.512806329433882,15.608500109299241,4.42276006083667,0.4308627633296438
33,1.91493517722756,0.0710618993542145,1.7765474838553625,11.988964844625304,10.78897719604269,7.244769176232384,0.4936850976503062
34,1.191802418801223,0.04466535119469017,1.1166337798672543,3.4961847141154636,3.3347283507078282,15.328246870179134,0.425830290295828
35,1.1539684213117194,0.049144308215024475,1.228607705375612,4.75722086385301,6.396617831393786,9.231512528810745,0.3122612229724653
36,1.4498299499289204,0.05542155792856017,1.3855389482140041,8.11765047854803,6.332481665031556,10.013114519059137,0.4263513069628082
37,1.377070359488388,0.05599903974527341,1.3999759936318352,2.627969682960453,2.3178471623339267,13.729178205325525,0.8933891631171348
38,1.9740436579422194,0.07676305928045771,1.9190764820114428,5.96697495145837,4.796520654096917,6.669491622868196,0.9441600182038796
39,2.5089255583678822,0.09873842500829082,2.4684606252072703,8.928621330962288,9.479514536079432,11.395292169828245,0.5018366758843366
40,1.3160855183517008,0.05315224783535446,1.3288061958838615,7.213938917630585,7.612562842364485,6.901233096092376,0.6239529517921112
41,1.1634483078525197,0.04509556413015599,1.1273891032538996,12.66420509962211,12.553751990331545,4.5130079771526646,0.11561839507929572
42,2.5741041678430445,0.09870739288985998,2.4676848222464995,15.28821342395782,14.174811745921941,8.352568408543783,0.3172854818203209
43,2.350026463021907,0.09317011879957654,2.3292529699894136,8.375601036926488,8.232611008759326,13.024503370958142,0.4148262119536318
44,1.8649130420105378,0.07175070150408086,1.7937675376020215,2.6218028853607076,3.878636697894389,11.687397368724838,0.8663091578833659
45,1.5521581853285995,0.055058829071220616,1.3764707267805154,7.040808460106737,6.7788192633233955,9.945666701752897,0.2504553653965067
46,1.1754147552019443,0.04690880263911093,1.1727200659777732,3.355832739512821,1.7262985450020545,30.093524408003177,0.48303426426270435
47,1.116044946163219,0.0440081069499702,1.100202673749255,0.8451099102032054,0.779303627740374,12.094347201369388,0.985559785610705
48,1.211330236097752,0.0481449141434005,1.2036228535850124,3.4447631301457364,3.3153776063692537,15.694489766193428,0.5194851192598093
49,1.6425438667524677,0.06519039163882248,1.6297597909705621,1.0618018479783249,2.3243455907621446,28.030359494320997,0.6128945257629677
50,1.5489735170940853,0.06029008068927552,1.507252017231888,12.334522874407341,13.73751196213018,5.510397588363667,0.12062866599032374
51,1.9899808690938534,0.07817839661941765,1.9544599154854412,8.347189226567325,8.984881365380566,6.197868505304403,0.8263408005068332
52,1.269342401373658,0.05234438054572713,1.3086095136431783,2.0393640595449534,2.3658817061636768,22.322480128356812,0.6030601284109274
53,1.7871472603946073,0.07256911277746741,1.8142278194366854,11.217271177734451,11.11321044272417,6.924484587502344,0.5450680064664649
54,1.2559816241053174,0.05021046035745561,1.2552615089363903,6.050953890812872,5.884996916338696,10.13763489325202,0.3427638337743084
55,1.1765792401476018,0.04815425504023677,1.2038563760059193,5.147799234718897,3.5458915837019687,16.36300992787174,0.3041207890271841
56,1.7843537120034698,0.0699935599178003,1.7498389979450075,5.397679503790849,5.338992065340939,15.070972530441006,0.4170222110247016
57,1.3957216444130678,0.05688557413155014,1.4221393532887534,3.4117100614393125,2.3472873730284047,22.437643134917376,0.6813007657927966
58,1.037676505819692,0.042764180423416544,1.0691045105854136,1.2734536474400286,1.312782982084944,19.91263932086874,0.8754568417951749
59,1.0608876226237274,0.04519966520429223,1.1299916301073056,4.453214135258208,3.0043105236324474,16.363587908796493,0.5104223374780111
60,1.4246702642800333,0.05893606175649562,1.4734015439123904,6.035078607191629,7.9054760859388296,7.005808422766895,0.6693137829622723
61,1.3225098526588193,0.054285227620239386,1.3571306905059846,3.2597248255355264,3.8584565922139555,14.420241495274409,0.5859365525622129
62,1.8976135939631402,0.07586963062030024,1.8967407655075057,7.46530167023618,6.482268273976939,11.557247102166889,0.6249035020955999
63,1.4605255563071207,0.056051976061861575,1.4012994015465394,9.466440979761444,9.638036985018159,5.429338359875907,0.6746890509878248
64,1.46017689809446,0.054189945879054305,1.3547486469763577,2.8547525402841916,1.9232229268962258,19.207012070024202,0.8423424376202573
65,1.3332940927074095,0.05060548120131744,1.265137030032936,4.783217755403719,4.3981516526264475,14.502648025512272,0.08319498833243877
66,1.84426633642887,0.07296715521193085,1.8241788802982712,6.780535044290649,5.834658060577615,10.21169926024068,0.7636828414433382
67,1.7171620715067095,0.0630076272458766,1.5751906811469147,9.218017227367968,8.604949499339124,8.982176564007325,0.243666374536874
68,1.822185320231936,0.07352709416056935,1.8381773540142337,16.5147703245276,15.84112139071385,5.758903099468677,0.19422296057877086
69,1.780314591696022,0.07346596237303127,1.8366490593257818,8.442519328947839,6.950063941796289,10.962379049098834,0.5724569574914731
70,1.702513374907797,0.06856804238646633,1.7142010596616581,7.944140963750963,6.957666945050023,12.40760113638582,0.09571251661238711
71,1.122822305924124,0.043469294528940335,1.0867323632235084,4.742379653132508,3.748572945996098,6.819758615837508,0.8853268262751396
72,1.3524353491338268,0.05637547450280236,1.409386862570059,3.27214492853527,3.2517261697496935,17.07814945370579,0.6272489720512687
73,1.7446566081954114,0.06645725883149528,1.6614314707873818,9.036919385458443,9.618769595275316,6.033362098081653,0.7234163581899548
74,1.7447922768853628,0.07461533777832079,1.8653834444580197,24.425769922573924,25.08533001084622,3.7616633865136584,0.01612920669501683
75,1.4094710147353848,0.05581031307560024,1.395257826890006,4.267618254031421,3.516673656841741,16.141556781408653,0.5944318794450425
76,1.5528358661038597,0.06333748686770117,1.5834371716925293,5.574327383180739,8.012787947225762,8.304754380416776,0.5567851923942887
77,1.0685687439149796,0.04230839889941799,1.0577099724854497,4.291728374256507,5.598906562560792,9.436133638909892,0.15895964414472274
78,1.2067593946833033,0.04971613687374903,1.2429034218437258,8.1753620704982,9.138615756376991,6.799808083519913,0.1530705151247731
79,1.2073364668182511,0.04732225974532552,1.183056493633138,8.76210150941888,9.009722888112497,4.773175995324395,0.6955295287709109
80,1.1720116372577933,0.04891040094841496,1.222760023710374,0.6579404579413728,3.2893784947497067,17.82573619011719,0.31876642638187636
81,1.2061792102963278,0.05145802835816277,1.2864507089540693,7.711514448380906,6.452793145791573,7.281589689752696,0.6919702955318197
82,1.4690493717567925,0.06232629113915307,1.5581572784788267,3.653469991362716,3.0532947550331224,21.48772798704916,0.5543832497177721
83,1.420250764338238,0.06041051604047122,1.5102629010117805,6.838144739672504,4.853562341213938,14.503126574326187,0.3889505741231446
84,1.3327170131380213,0.054391676679585305,1.3597919169896326,4.0813959664704385,3.0191814975476565,8.65064262150721,0.9251324896139861
85,1.3066286429957956,0.04830801113693663,1.2077002784234157,6.470584672092375,5.440205340940347,6.064842399030706,0.8416699969127163
86,1.077632689820475,0.041575697378912764,1.0393924344728191,9.132202647285592,6.881526616254725,7.136866986427243,0.35739756668317624
87,2.038890005242254,0.08218660798131962,2.0546651995329905,17.58088804660964,18.15184613346707,5.721308601314826,0.04359146379904055
88,1.2533134210536994,0.0497618432281122,1.244046080702805,0.7891687930826741,2.2926271923320685,26.147048467507652,0.30476807341109746
89,1.2079177505107899,0.046934207618697155,1.1733551904674289,4.8159183079275385,5.048275704420278,10.786691201529065,0.398185681917981
90,2.6515109576282017,0.09818494337707008,2.454623584426752,4.360980119850006,5.1859721736971665,16.984044087506415,0.7049588304513622
91,1.314077144423861,0.05071549939419513,1.2678874848548782,0.8497267938766355,1.1065721549010827,5.578656104332462,0.9953584820340174
92,1.401965077169721,0.05503781929331718,1.3759454823329293,4.934864028399097,5.985083018657187,10.869436405161201,0.35591486571745956
93,2.048277753145512,0.08029575618435451,2.007393904608863,4.387383304331952,3.8195032368779556,17.20174034199967,0.7625478137854338
94,1.5193562501964684,0.061331221492752885,1.533280537318822,7.799948139467822,7.286965289869098,8.570335977156482,0.5931769165622212
95,1.2586360425811767,0.04757872676083103,1.1894681690207758,2.6761982630342747,2.703120853602547,16.07766190805597,0.6917017987001771
96,1.1951576682593759,0.045858621814507075,1.1464655453626769,9.759707344695249,9.448125841312368,6.068570723469279,0.15112745234808023
97,1.3105207047635823,0.05457658651937725,1.3644146629844314,11.718378306251559,11.860429033380742,5.33710431252521,0.39887629272615654
98,1.6930145890981199,0.07349268783228721,1.8373171958071803,8.327596983853677,7.575563315586396,11.909132368520048,0.24085589772362448
99,1.9516816742891843,0.07787486122477823,1.9468715306194555,11.085144183711336,11.01550343422598,8.397784254454224,0.34345601404832493
100,1.3811680429374684,0.05621933313915888,1.405483328478972,4.275518560461073,4.540964185356846,13.4403611266293,0.5131281541990022
101,1.8074900257700983,0.07434139475166154,1.8585348687915384,18.356564111318512,17.4269796413758,4.021818001769326,0.6666245501640716
102,1.4490129282787119,0.06379986635810637,1.5949966589526592,7.041057150853284,5.780235881626522,13.882028353415704,0.10590848505681383
103,1.2290505196262156,0.04811150075284098,1.2027875188210244,3.160776470121794,1.8233226444805817,33.087258575967255,0.13089495066408074
104,1.2219545716877278,0.05171075924223056,1.2927689810557639,5.272515299854402,6.262789989173884,9.887233796007859,0.32198060646830806
105,1.0497067263606603,0.03944729275286013,0.9861823188215032,3.1486531860575178,3.683100394099215,10.158472886519128,0.6615643366662437
106,1.4904203477174505,0.06171626815625789,1.5429067039064472,2.1244484394629635,3.8259445342106555,10.862002462830057,0.8465062252707221
107,1.3969024813215627,0.05407815611787479,1.3519539029468697,13.192039897894734,13.430604916098341,4.24233400198881,0.5532573447967134
108,1.089938560558597,0.045306374450129,1.132659361253225,2.862754222860184,2.4466304083825583,12.168283737135289,0.8544524875245048
109,1.428868651232085,0.05747178123524621,1.4367945308811552,13.91987431377542,14.052675488287395,4.774391752054883,0.3848378112757611
110,1.3328092896318822,0.0543359088754696,1.35839772188674,9.868404670172804,7.937553803124503,8.212286278544136,0.31678789711837974
111,1.121729287845078,0.045391723693958136,1.1347930923489533,2.623231093988919,3.029074469100276,17.724496618328736,0.3542646755916785
112,1.7334112202797007,0.06797710530324282,1.6994276325810702,10.796066212383261,11.88457476787219,7.1278181112929,0.17108182920509907
113,1.0083656578712497,0.040419774794817974,1.0104943698704494,2.837571790609109,2.2690675839412333,12.596497299978665,0.8291126345018904
114,1.0692655259571766,0.041242345443115655,1.0310586360778913,3.228648346028261,3.0787145175301003,15.942183760266543,0.3386708459143266
115,1.4777732040685787,0.055581984986646626,1.3895496246661656,5.703960563208103,5.154317967407717,11.369678156723676,0.5523700752940731
116,1.5982699752931377,0.06390746225764567,1.5976865564411415,12.699487734217058,12.395699803430869,5.318758922497454,0.578551468108833
117,1.2094635361199055,0.04817916114357955,1.2044790285894886,6.303437403056131,6.059671642525258,8.580348843563879,0.5215330593973323
118,1.2586827638913667,0.04853966711753294,1.2134916779383236,0.3679404818414391,2.490239364884031,24.653709170066303,0.002688064574320692
119,1.5937464832261734,0.06385686451385497,1.5964216128463742,2.398088102685721,3.124202130203067,3.9354178161734197,0.98834541928282
120,1.5300896989547401,0.06315999394465062,1.5789998486162655,3.2617389389901525,3.852063856943017,8.807300150262268,0.9053415756616099
121,1.4321098816653475,0.05507222172497178,1.3768055431242945,8.438471779460244,8.786436117395171,7.7549389942877935,0.2076358611963245
122,1.3359279002067628,0.052234372446919315,1.3058593111729828,5.527669272261295,5.976060910722236,10.571813003157509,0.2924894127924248
123,1.0254575201125167,0.04204989248445866,1.0512473121114665,3.6315830489006142,3.2187642872129234,14.113772847040588,0.5200101530724834
124,1.6359787881456225,0.06585191126117554,1.6462977815293884,2.315877258160075,1.714994749468056,20.976749578440923,0.9019113726606706
125,1.3938969696014099,0.054620415299854716,1.365510382496368,0.27820822093052033,1.4098491476816728,8.829853978449226,0.9836308849117232
126,1.4965928826027495,0.056381034584324315,1.409525864608108,5.426932742174428,4.74012833537975,14.53678161105924,0.2575420641540831
127,2.086642469668885,0.08698006224651872,2.174501556162968,7.800702647922103,7.214934509255032,12.587747680843856,0.5643590429247817
128,2.3850931602965706,0.09250059051687023,2.3125147629217557,6.01959751004664,5.553827444008423,12.441405912385862,0.8069686841371791
129,1.0456111397630987,0.04458891662325579,1.1147229155813947,5.301537133233156,6.719431621262825,7.71285583287531,0.3943700539527748
130,1.6063367312964738,0.06331549027054316,1.582887256763579,9.089808918407373,8.649226618118373,6.3173611639038265,0.7310730358445571
131,2.5756738729062545,0.09121288779318101,2.2803221948295254,18.979257691719088,18.89666227218282,6.02547622917522,0.16106901442921484
132,1.2187985883700165,0.048310967239774065,1.2077741809943516,7.8818430285509695,6.920962953337125,7.058502260289051,0.6006985678335899
133,1.1733275022686949,0.04428803954779077,1.1072009886947694,4.2008704795488505,2.4165136842475476,11.596777245347361,0.8658644583032646
134,1.9961385047360327,0.07825885108788735,1.956471277197184,2.8485816554398307,1.2605137698455686,14.19678085879599,0.9835216092035556
135,1.7153196297430386,0.07472601285208084,1.8681503213020212,8.230363990261864,8.117719818021936,11.606299399784866,0.07936579037801572
136,1.3654465467100811,0.053812038882654865,1.3453009720663716,7.917331464656651,7.919206156382422,7.766207335085792,0.42834727470094924
137,2.2784167189897495,0.08935886655368037,2.2339716638420093,5.44800162591684,4.816053341907507,22.97174686595842,0.2045428595464277
138,1.488702714118792,0.060189814002457,1.504745350061425,2.2616191492537405,3.376659102673181,20.126725557992962,0.4506364905187348
139,1.3439649668123976,0.053055465935362776,1.3263866483840694,5.157672002931175,6.608355144535976,8.495715830434971,0.547763572628854
140,1.2397402374264412,0.0477708546116061,1.1942713652901524,8.31724565644619,8.789776248471188,6.844058590769475,0.09332671036982076
141,1.3712601065716155,0.056104504149329264,1.4026126037332316,7.602472160933274,6.381903247218747,10.618006596948193,0.29686077548067946
142,1.2541111631495256,0.04667590016255855,1.1668975040639638,0.8993794156126328,1.2305077138951046,17.92502330615577,0.9275842401521475
143,3.623018611902108,0.13876031569000244,3.469007892250061,13.884534300107646,12.381953394298211,11.656092774206728,0.5690037314301953
144,1.2069917714877294,0.048719599406383714,1.2179899851595928,1.4526927594509802,4.240805642535983,12.921405060888153,0.45741199752361195
145,1.2279732931390583,0.04801519853597116,1.2003799633992789,2.8149407655661562,4.4021471923537865,9.069513164966683,0.7535259907981146
146,1.3035766539639202,0.056170158537236996,1.4042539634309248,3.737422761343918,3.8611114941996174,12.338267423354633,0.7418621518420373
147,1.257803687086855,0.0483999025170022,1.209997562925055,3.8904709818963363,3.0022764405554607,20.366147758360547,0.04857903284426879
148,1.3004877288838357,0.05240391193151018,1.3100977982877544,5.152298713903428,5.2219218126235205,8.955013475351267,0.708697395442746
149,1.2223022620143427,0.04725573165739231,1.1813932914348078,2.9468092141446305,3.0424619586379302,10.682220700872328,0.8392433478050836
150,1.7206793016232267,0.06598298552600164,1.649574638150041,7.200325687091253,7.322067182348345,11.239921944994604,0.16593788420695388
151,1.8499850719974242,0.07397578932472969,1.849394733118242,3.3648716475453258,5.1277693819464005,11.39580662632347,0.7809979379999573
152,2.1648250544043246,0.09292048755624199,2.3230121889060498,22.731256130146324,21.573187255706472,5.21941975250952,0.2865366167291019
153,1.1095753841237876,0.04324401416366953,1.081100354091738,11.674155794414803,12.356920514252174,4.21333769514192,0.3064697533295573
154,1.64955059485729,0.06538488723435541,1.6346221808588852,10.964384825065672,9.874852167851218,6.252720066639654,0.665261465349683
155,1.457228994148403,0.06058316357934487,1.5145790894836217,6.977711341177951,7.048234759140301,10.804096612378808,0.11139217160771575
156,0.977992841847012,0.037375540225613145,0.9343885056403286,3.8043105810481657,2.736150193719084,12.905392964830968,0.6648724488032943
157,0.9914357375421913,0.04069351586803071,1.0173378967007678,3.3671012258177515,3.0238432448401853,7.831863110779869,0.8878567926762226
158,1.7013511296730628,0.06630763419884274,1.6576908549710683,3.0856518892825107,3.192326379840753,18.856083668277126,0.6963112682354063
159,1.7500217155220654,0.06540930435107749,1.635232608776937,8.160411231239216,7.934149584170514,9.361917402101778,0.44032787666540907
160,1.6780837832197906,0.061242098464519674,1.531052461612992,5.424846616165441,6.8978242252770166,10.093997658321909,0.4382143843772247
161,1.1993431517149786,0.045909902748386584,1.1477475687096645,4.094459454658287,4.088430127487252,9.145495194748918,0.7650960952393066
162,1.1415906116786791,0.04625841131319926,1.1564602828299815,6.25215093527186,4.536110613159729,10.636661990576913,0.5656420012258828
163,1.408210134011656,0.05803561514295568,1.450890378573892,6.5957728529389,5.287579288950185,13.832313227412856,0.0849041631918176
164,1.65659979255934,0.06699124847478805,1.6747812118697012,4.083133802459933,5.068157385158005,13.587222507959135,0.5826710878614046
165,1.7439193828425712,0.07247900466163855,1.8119751165409637,8.543052946131384,8.037367094793462,6.611734592935476,0.8148437028934097
166,1.3995935244503699,0.05832556892054218,1.4581392230135544,3.6912086062912244,3.4432287215436856,20.171247365867185,0.33706638344761
167,2.8994940500849093,0.11466110594207363,2.8665276485518407,9.789304532947801,8.972116252830393,6.039412708535132,0.9275765795753895
168,1.4284523834940113,0.05657965695920592,1.414491423980148,4.652394593127746,4.558241707605534,10.37159149270984,0.7507170003431679
169,1.1552987223660647,0.04584848644376197,1.1462121610940492,5.154350868156088,5.387854861286188,8.812937400815999,0.5740638251499645
170,2.210199666274471,0.08866511647054852,2.216627911763713,13.321192301478051,11.990561525117403,6.168813840851895,0.7516439887929184
171,1.4624476321705082,0.056696590918031683,1.417414772950792,7.6166158935389,7.40021932526689,9.65997232955426,0.07914896073820521
172,1.1178278320558692,0.04439003636767793,1.1097509091919482,5.293508467232644,4.03804414528633,7.109470317374812,0.8593890756806114
173,1.3723607281609886,0.05495171361857354,1.3737928404643385,4.806665154881269,3.8322789515367757,10.341450288989694,0.8215041132005579
174,1.3109963121675743,0.052738343879269366,1.3184585969817342,1.9741488033038934,2.298636044822801,12.039742325243672,0.9098716596102089
175,1.3685118025453347,0.054705371581409125,1.367634289535228,3.31676804336257,3.4837683177197296,19.69635547936435,0.12863119750938
176,1.1883368927480746,0.04535542421565353,1.1338856053913382,6.892593567729879,4.962761133730856,11.520646309170997,0.08178008709398521
177,0.9746044368603451,0.04121609033969333,1.0304022584923334,7.032793325917928,6.841311000478016,7.546662568208595,0.13841557278158978
178,2.0955210745369985,0.09087475558942266,2.2718688897355666,11.861487617172465,12.620116040532489,8.34979932247325,0.3993787101028001
179,1.1950103219794166,0.045310386284438994,1.1327596571109748,3.665458004170393,4.865501282155416,10.66585367321776,0.4243068610809919
180,2.026761054311711,0.08456867809606082,2.1142169524015206,9.447287378863248,8.473154943605492,10.439799690468876,0.5622183787309056
181,1.3206745538494378,0.051934679139201405,1.2983669784800351,3.489175031230647,3.3288813101343737,19.5847419509077,0.12224354963250506
182,1.1120409610777604,0.045042858581225566,1.126071464530639,2.1427992676865144,2.934891218215498,19.013872875901104,0.20139950138137086
183,1.7599900056762712,0.06760656989866198,1.6901642474665497,6.567497770058909,5.892912938822284,8.4764267770635,0.8116443482840215
184,2.5928589907290833,0.09682354881204848,2.420588720301212,14.093229954174607,13.933481259118686,7.767326736651723,0.4679875740567494
185,1.3513733400154226,0.05567470027364281,1.3918675068410702,11.810816148994734,13.47129121975769,3.080272078731168,0.8079382094836102
186,1.5356085299862487,0.05844738748429031,1.4611846871072578,10.107116158127212,9.5184306034164,7.76633137835553,0.007426378544613033
187,1.6558870196613014,0.0699901209488232,1.74975302372058,12.91833947279969,11.585148769956456,6.3736536346209975,0.5515927259824055
188,1.3698021032107346,0.052512357185982864,1.3128089296495715,5.395949972542056,2.8360997419095852,8.492491255902976,0.9319321480766781
189,1.223496644554796,0.048907567261605306,1.2226891815401326,4.234538512690093,4.199635948628088,11.976139565453352,0.5821754591458701
190,2.875319264563355,0.11175413679080821,2.793853419770205,12.980244139053848,12.747594480843302,10.850218045623212,0.20609572744527416
191,1.1614334916453024,0.04716452238935257,1.1791130597338142,5.81802375604582,4.211426950811015,9.862940168888972,0.7177575622795576
192,1.0992179288307713,0.041573429026214165,1.0393357256553541,4.607447026008494,4.438724759072015,10.962672047481522,0.3789858496989177
193,1.7532972932551936,0.06703877742589948,1.6759694356474868,6.959451304365806,6.684109441285883,9.435750426082397,0.6683839472594598
194,1.3369872759724546,0.05455792985344623,1.3639482463361556,5.668727916171999,6.299346307602575,10.94973948238516,0.02931972289377127
195,2.107126654727417,0.08587349628040229,2.1468374070100573,35.72381858915715,37.11819370187034,2.2583382920078834,0.6359003593513561
196,3.119562409674997,0.12215066007704031,3.053766501926008,18.39333156740384,17.480643631583987,8.833672660354068,0.032197934937924
197,2.086497495475645,0.08446421947891869,2.1116054869729672,6.228796135467559,7.502366372279803,9.502324467107366,0.744780655141766
198,1.7268095348466654,0.06773155674681233,1.6932889186703082,9.97351403213624,8.832857789188777,8.545700277062677,0.4729130022384551
199,1.406937864449121,0.055107472256730856,1.3776868064182715,6.860484042943117,7.648649601830777,9.045045327397926,0.12175435547305369
200,1.0156110683815887,0.04033463405328989,1.008365851332247,3.364843434742698,3.099609476344399,13.82490079476029,0.542635925788506
201,1.211292053106416,0.05085945292894726,1.2714863232236815,8.08149970564985,8.453771437008136,7.592397434059368,0.0667744432250047
202,1.199578052829518,0.04658917873289155,1.1647294683222886,2.7937738309363986,1.6191735929790583,27.55119368335188,0.6533648713530407
203,1.346394732148877,0.05258431448087831,1.3146078620219577,0.729007175412272,0.428160773205691,13.729647465230226,0.9960863273678254
204,2.484997941275532,0.09987136730625219,2.4967841826563046,10.05145968976322,8.092364337256079,9.970996178724452,0.7693973370739623
205,1.9856810510225091,0.07676109443779666,1.9190273609449167,7.661987903101254,8.745665582460836,9.092169833585777,0.5737741136588245
206,1.4189425413391448,0.06173062458780266,1.5432656146950665,8.49613960130024,8.082276519764482,9.609383871188314,0.10263525921079586
207,1.7284970852651778,0.06674255839722004,1.668563959930501,9.238629622758284,9.19128774185115,6.56052486747411,0.6998340747729147
208,1.871149928793863,0.07874973764882895,1.9687434412207236,8.087530295592392,7.80758672433547,9.571047953109382,0.6611678673279311
209,1.2573739660006988,0.051316745121867895,1.2829186280466973,7.297911359060823,5.701990187450374,11.369377935748961,0.04909713062277632
210,1.899461590231687,0.07771459753825537,1.942864938456384,5.177791573149345,4.592473543057059,13.058951926168033,0.7922993018445906
211,1.9159368084202761,0.07773486515981201,1.9433716289953002,5.288901558078937,6.436426966756144,13.059842992964391,0.5187165908905051
212,1.6243787022108689,0.06038195644253494,1.5095489110633735,8.376045263712681,7.842534445372853,8.810985584203879,0.4258676941999191
213,1.9689120853732287,0.07952655971998757,1.9881639929996893,11.467744599272665,11.883363975428416,5.209350146208983,0.7881871736014655
214,1.9832104286082892,0.07808900737850075,1.9522251844625185,11.77668048622619,12.250035456296981,7.348174730694891,0.41156922320883715
215,1.4085544553088543,0.05855248025114706,1.4638120062786764,4.136073724348481,3.090216396315112,21.010607441892855,0.48102627550515353
216,1.7665155425529782,0.07041714570564475,1.7604286426411186,5.194757341170073,5.797097324196301,15.108163033212193,0.18162884267382462
217,1.1513572239253673,0.04793276425494633,1.1983191063736582,4.462811683057077,4.842542010637213,11.855610351148044,0.32131889950642867
218,1.1354419210416753,0.04374814180720181,1.0937035451800452,4.22734351177417,4.1949362573702995,7.042731817226275,0.8455329965625688
219,1.7744869143648145,0.06757903561621864,1.6894758904054659,9.328999837342472,8.382813940597083,10.016800656323793,0.18690374892671535
220,1.5858647652174853,0.06089631488281525,1.5224078720703813,13.06140779379303,12.47981799093184,5.608752328847812,0.4172910609033441
221,2.2860138242969055,0.08836255825868657,2.209063956467164,1.8938173680360888,2.12823227995396,7.755550406734214,0.9890345073952994
222,1.8200997242784471,0.06898355554222416,1.7245888885556038,9.218673338357592,9.490849804044984,8.932218364638024,0.23659981170551936
223,1.9991558456291918,0.07787327363756064,1.9468318409390157,3.4851715415954745,4.645301203129003,8.465878155381146,0.9168323329388289
224,1.2288756400184908,0.049100482153566195,1.2275120538391548,0.8218303414507567,1.5816654300434199,15.5353265401963,0.918397467805633
225,1.3475544368651386,0.057947308494205985,1.4486827123551496,13.373403156283269,14.027784242103762,5.203011876097282,0.09129634220320182
226,1.354019088623035,0.05641955332527136,1.410488833131784,9.269307857582211,9.418598799329656,6.712952059684981,0.463652724885516
227,1.6736367815323918,0.06158241673200851,1.5395604183002127,14.672304842193292,12.68554180502413,5.309607349689699,0.5022163353227871
228,1.117103306108802,0.04395681678034763,1.0989204195086908,8.65782155092594,9.333290984712372,5.656259910139222,0.31366895005212747
229,0.8998432941780701,0.03787388518185038,0.9468471295462594,4.223454961736125,4.519284029641764,10.58793287441466,0.047339537237736984
230,1.4819742574196264,0.05865083436700878,1.4662708591752196,12.990132380444585,15.04253078542119,4.785330010633651,0.24168563724539782
231,1.2808703657302318,0.04982648046017804,1.245662011504451,5.033837493468804,4.433266399158296,14.150564190847579,0.09552964155536092
232,1.1359131150655173,0.042994935799310074,1.0748733949827518,4.339788805806671,5.917237599633676,8.925588173205462,0.23824990571241178
233,1.6006629241238555,0.06438655001438093,1.6096637503595232,3.7441981118269645,4.650787633991322,10.321852923662128,0.8077910862901561
234,1.2695185031100436,0.04791147531715389,1.1977868829288472,3.3725396752629875,2.330204306821994,11.601532142563672,0.8949782878860116
235,1.4720009922304846,0.05984079129304727,1.4960197823261818,7.130407808689883,9.235336238268845,8.1877900108974,0.0432228920796468
236,1.8475609194014269,0.07369113274357415,1.8422783185893539,5.619089032610718,5.523168620215478,16.08777349842023,0.301946836262719
237,1.0484284271119182,0.044981647043254455,1.1245411760813613,2.021122564354723,1.2201929176895963,9.143899721982889,0.9805821985942876
238,1.9895505223720245,0.08315455324839745,2.078863831209936,8.261461499936077,6.7360172634958,13.146618217459002,0.5395048225537353
239,1.6178000663079484,0.06852207957199469,1.7130519892998672,6.4851417930243285,7.405234901513942,9.123837117054391,0.6263093617098563
240,2.2604505900248473,0.09392560492832702,2.3481401232081756,9.766334874393287,10.390359724633152,11.433386306078116,0.0055454084069045395
241,1.4393741487560954,0.057895446547360445,1.447386163684011,7.43473962056724,5.630303297164638,11.374505735497634,0.48490944344255926
242,1.2470128968410905,0.05230412611080414,1.3076031527701035,0.8731477461235668,0.8982078907051646,11.220029218678254,0.9883285346223875
243,1.559160996733387,0.06253071724153564,1.5632679310383908,10.746311438084403,11.482575372354075,6.3846696320761325,0.3751855274827981
244,2.4905448745426595,0.09569348406551463,2.3923371016378656,9.138065320018018,9.855551157325246,12.22292520195788,0.09703815863886123
245,1.2787220423521708,0.051715188727083,1.292879718177075,5.746770175584573,6.7193264991520385,8.633931568735791,0.4619087615684484
246,1.6612291954704306,0.06365324751739032,1.591331187934758,1.1832077329483661,1.6228799383743588,13.368959452639999,0.9630044659922582
247,2.089937218196554,0.0808887638290641,2.0222190957266024,26.996150311459697,25.907929835010354,3.71108849853897,0.34183061356501643
248,1.2346165370779285,0.04839003985468331,1.2097509963670827,8.11538262052003,7.227616551946567,5.093036112605175,0.7989227332150132
249,1.8012349291635263,0.07151827281008301,1.787956820252075,3.428476175643832,4.602746478469176,11.821949842780027,0.7988463312130619
250,1.0675500390946104,0.04043902999280875,1.0109757498202188,2.335953762592745,2.12136768788851,23.582265091414207,0.20824829673893663
251,1.6210264273744976,0.06668156575003051,1.6670391437507628,4.744137546608691,5.146297281681209,14.68966018375405,0.44336770180121177
252,1.4531301543339117,0.0561085954989759,1.4027148874743975,7.570094855848273,6.787654451743831,7.303143146033057,0.7156012751543048
253,1.1998459491875668,0.05032570344935394,1.2581425862338484,12.49545090120363,12.65181062843293,4.587641966836707,0.41051978541392786
254,1.279490851295201,0.053113557824059,1.327838945601475,5.055621143664097,4.68409646186433,14.07787952284798,0.19100695537042112
255,1.406099494533683,0.05324552224295885,1.3311380560739712,1.608914772019276,1.7675199789777754,9.63570189642231,0.9674943068064185
256,1.2702348525761311,0.05548102250995023,1.3870255627487558,1.8721138978411678,4.05919982847939,13.126255201335917,0.6507503664762934
257,1.1882709209310953,0.049522022896666,1.23805057241665,3.0226786677254442,2.9756762223567996,10.545319548543251,0.8654598515228994
258,1.7761806740906665,0.06993432481915184,1.7483581204787957,7.45096506009906,8.722712009629147,10.137446728100086,0.025242357799643678
259,1.3388124062850244,0.0529698696251179,1.3242467406279474,2.400170855903626,1.6530424442267846,39.05935696202913,0.26690581479113473
260,1.158963294331073,0.046967993621105465,1.1741998405276366,4.472281200645891,5.152109093045679,9.971810293956928,0.5020711003267428
261,1.6257080452226997,0.06847393134654892,1.711848283663723,8.693474959493264,9.298487615566254,9.29289346033742,0.06744863513005173
262,2.1081809047606375,0.0838698183977702,2.096745459944255,1.312988085214162,1.3218909102264647,9.456060995372672,0.9930332610947917
263,4.244890251127566,0.16846152596815386,4.211538149203847,27.663607429247623,27.085813475023244,7.643506806646375,0.2364623961980289
264,1.1071956562616807,0.04404329055317326,1.1010822638293316,3.10446705216492,3.274210869964049,15.777078229022724,0.37429218234544803
265,2.1861519769853524,0.08897237250618034,2.2243093126545084,14.57978016026015,12.93759738821513,8.496677475833252,0.21401191490834626
266,1.5199350837670769,0.06078456817601577,1.5196142044003942,7.353152381810451,5.704334520324643,13.40258410199136,0.10544586610545081
267,1.1475083612974233,0.04631232731670003,1.1578081829175007,6.712809207131511,4.99734061496152,11.400413558090905,0.23247978560423577
268,1.6669350874212774,0.06647517000808838,1.6618792502022093,4.339970874041858,4.574289598600625,17.530615822260643,0.3006101355032047
269,1.5752524002701584,0.05876035009874569,1.4690087524686422,3.2521627500511636,4.734121206154018,12.13489210936699,0.6344422678994391
270,1.2549048024142329,0.04819639869734096,1.204909967433524,11.448946390816394,10.228867876578114,5.7190388111282955,0.2812347814529085
271,1.6451914878103473,0.06512810435327557,1.6282026088318893,13.726699876311645,14.143045161611422,5.42878250824695,0.36227676097657624
272,1.5884079582791333,0.0628209605484462,1.5705240137111551,4.192020161080309,4.153853849078302,19.128187896718824,0.005942843723529823
273,1.4238443368735834,0.06081682838702299,1.5204207096755749,10.104113215897161,9.475793113041991,7.555406567860442,0.36571912592736455
274,1.8154902601678382,0.07131168543103847,1.7827921357759617,12.40601010685062,14.010446507363271,5.443515752729678,0.5338859816982946
275,1.4211361850325532,0.054907752877450144,1.3726938219362537,10.957570544210931,9.328449338878434,7.3464289042218525,0.1620158370505309
276,1.532190429399876,0.06210050113444417,1.5525125283611043,4.393227371471822,3.518265042368514,17.902968906527704,0.597433108360375
277,1.2116719692726652,0.04872553366079951,1.2181383415199876,11.684493781641427,11.332222199569953,5.199449928145422,0.29315246862717936
278,1.4580673462681706,0.059265947565913926,1.4816486891478482,9.54843306202767,8.657516311548978,6.709666884581329,0.6320504948017279
279,1.4307628548988771,0.05821011003483077,1.4552527508707693,10.562456974621188,10.00550443529384,7.355945421048894,0.026196605250843774
280,1.2518022213708175,0.053552444095376794,1.3388111023844198,5.668137477000874,5.551309361431796,5.620332707416036,0.8875934604677749
281,1.2760412695660948,0.05198398729104113,1.2995996822760283,11.03467294996474,11.3424472721093,5.796082150531048,0.016118630423373914
282,1.2933972885999268,0.05406954358766828,1.351738589691707,12.909010298045146,13.648152572400928,4.970251956590204,0.12695803103596137
283,1.5373696986539942,0.06125676536836412,1.531419134209103,6.31666045808377,6.029446177180402,8.086535871011831,0.7771624615706022
284,1.225223171380452,0.051460834278835195,1.28652085697088,8.01767775651844,7.6564746967467645,8.492161282323352,0.04589523220217062
285,1.662608257554474,0.07063140787260018,1.7657851968150045,9.685375787796662,8.602176985108462,7.302849811715617,0.71099869359551
286,1.195882302884941,0.047021390300632,1.1755347575158,3.243399690156714,3.042739681437517,4.669393046148733,0.9710461405101289
287,1.1326809801892082,0.044780736551545054,1.1195184137886263,0.7053118570250447,1.5585133728056055,17.810134096292625,0.8716829331423073
288,1.1719051921356436,0.048723909396602726,1.2180977349150681,6.425472146717518,8.001704994114174,5.422308640000488,0.7101616513206985
289,1.47344286382659,0.05606440296127687,1.4016100740319217,1.6508995822639103,1.7784617442738413,11.365976202460692,0.9585097430216668
290,1.1510561057416266,0.04682741488979268,1.170685372244817,8.745172150096673,8.772630526786244,6.096024185665829,0.42981333788658194
291,1.9421848538021407,0.07727736816405165,1.931934204101291,3.407656734124125,3.5057483169177246,13.603898198930853,0.8728789143218073
292,1.7364231603720945,0.07393004671077141,1.8482511677692852,4.096305776635014,5.6268186739906385,15.529821752579709,0.3559576679736146
293,1.4229357137051035,0.057917900931502196,1.447947523287555,5.114607685607008,4.0401425450715,6.675399819857396,0.9297636529038468
294,1.1694874418035366,0.04624640110385604,1.156160027596401,15.100402533743289,14.027772787509505,4.123413173327257,0.1487776562421036
295,1.3771001494473782,0.05210377776193384,1.302594444048346,0.8083181944495517,1.6316033590640426,13.777088995858344,0.9400290149282735
296,2.620271801381179,0.10762422349148879,2.6906055872872194,3.9832410843148045,3.1772589726926506,23.72248110235204,0.8327161972832127
297,1.2537839126674828,0.05269463911806017,1.3173659779515041,3.886836780820968,2.9340059190093117,12.10985402195188,0.8460548381964641
298,1.3804954352318966,0.05051917798478332,1.262979449619583,5.92708629724663,5.888639220598937,10.767351338250013,0.12392300992394434
299,3.088633560869412,0.1172641800736342,2.931604501840855,7.212680063157553,8.16117868935163,14.586534445709088,0.596486898341737
300,2.240325524850511,0.08592396170516028,2.148099042629007,9.25302521900308,7.639643683742055,14.223647120672217,0.01639248087593137
301,1.5178131199862315,0.05912805410710349,1.4782013526775872,7.970047178644583,7.589125744872356,6.826565054643544,0.7211843660506068
302,1.3726150823775694,0.05481785118077903,1.3704462795194758,9.141164161885957,9.392201617098,7.38192685934926,0.007737514125903955
303,2.177887996975934,0.0841318399004856,2.10329599751214,8.774795372390605,8.001949976717697,13.250269452475106,0.08482227744523363
304,1.4216858162363053,0.05505354654386593,1.3763386635966484,8.871300991045633,7.249092503195482,9.358307912555803,0.2254984104500236
305,1.2241796869184942,0.05100113654401625,1.2750284136004062,1.2051570731199515,1.702317219808817,18.33669744391431,0.8751245338732246
306,1.1584805501022637,0.04637788729441124,1.159447182360281,8.24965803675316,7.558235491496372,7.229888016511775,0.36357631798761336
307,1.3324273219447897,0.05710674164777363,1.4276685411943406,6.24590978914383,4.302749618419122,14.129343497930483,0.5399599352125585
308,1.3148017905586706,0.04832606542411524,1.208151635602881,3.1793858559395125,4.295950690174992,11.709210035189725,0.5681032138189784
309,1.1652534322279233,0.0449324360252869,1.1233109006321724,5.319512014636204,5.868765603364267,9.434360935268021,0.22546336030595993
310,1.1077303891621204,0.04500548890926826,1.1251372227317065,2.118618087160157,2.716473167752362,17.186290736070767,0.5721467679844612
311,1.8031649084540473,0.06760769011429975,1.6901922528574937,4.533253317175503,4.691580454224723,13.677738822016057,0.6609517950296032
312,1.0680015012294222,0.04324015246589637,1.0810038116474092,8.082418120089043,8.292391855973237,6.295157051082504,0.29824539331732947
313,1.2190716458710722,0.0460988105315456,1.15247026328864,4.243876383450289,3.943080944083238,13.429001925090521,0.41862685898002594
314,1.1182040427270583,0.04745027297227756,1.186256824306939,2.0199831344243604,2.8403586545590973,18.836409627739023,0.45308892454613003
315,1.0402370801554752,0.043374725277833204,1.08436813194583,1.4836769219127448,2.106340410793638,9.416967296726227,0.9323506615420816
316,1.2897536571089598,0.05110587150410607,1.2776467876026516,6.166741148988097,5.865450665005522,8.91802796610993,0.5874937474795024
317,1.2290418520972337,0.050078780807658485,1.251969520191462,2.892569566779404,2.7376577070456936,7.346332323297849,0.9482523716181412
318,1.3823643750575116,0.056962162621694123,1.424054065542353,6.899946478332913,6.025866669172713,9.937547622015527,0.5560347537651469
319,1.3958912198793225,0.05744872527691275,1.4362181319228187,4.995379084551054,4.586024059625413,13.71639986144871,0.5005614208491012
320,1.5993212879964858,0.06162702539591392,1.540675634897848,12.130590182771664,11.358743547210901,6.862246906290562,0.003532210966248339
321,1.235265227760496,0.048293169090427586,1.2073292272606897,8.81286055943199,9.95581259897349,5.379333722781812,0.4808890438749621
322,1.8795061894474276,0.07544595055713382,1.8861487639283456,3.858967190289571,4.242383501405354,8.411046187195257,0.9274549985626518
323,1.1325193377939227,0.047722264756905074,1.1930566189226268,13.016421245477073,11.168041294593628,5.2973053107873005,0.19836568902671914
324,3.0624985604586072,0.11548819558251106,2.8872048895627764,11.855968267813477,11.463890221261808,12.72458679049262,0.05209113438949886
325,1.2890875927430288,0.050274787379020795,1.2568696844755198,7.817688271798299,7.070295310251982,8.216030560484596,0.40677889347386853
326,1.0068317969051621,0.04098919052266945,1.0247297630667362,11.07115763029744,10.798422893134646,4.455737845518508,0.372396480594112
327,1.357426404291287,0.055074935410971276,1.3768733852742818,4.638059404335935,4.212723547407149,8.516840167104984,0.8571530578712436
328,1.6788009877845331,0.06549227699302762,1.6373069248256906,8.817821107991623,9.048725159519798,9.15117799843113,0.02661111555995954
329,1.0425356899511027,0.04180677683524744,1.045169420881186,5.255240587749374,1.6836613697230631,12.297791416297647,0.9201492297590049
330,1.280904183401733,0.0557491758122599,1.3937293953064975,5.125533624041421,5.521689546451119,9.352490836869656,0.6809029989949564
331,2.781724008811279,0.11410905314790844,2.852726328697711,2.568348576372421,2.606669794115573,23.645325200877824,0.9042259940642177
332,1.2031503956877336,0.04815385175316754,1.2038462938291885,3.718200293010034,6.143036618465283,7.8751571632258806,0.6075290708206388
333,1.288646531645328,0.05223872323368421,1.3059680808421053,5.075501060855841,3.9692344032611198,9.716733471968862,0.8119533124361243
334,1.1756682574283461,0.04477096748246154,1.1192741870615384,5.0410581437244035,5.593311093409331,9.537133834946154,0.33554387353928616
335,2.1449153662649674,0.09020785944577821,2.255196486144455,12.114987076386358,12.175781182398,8.779591778021366,0.34956622802755977
336,1.4318993724378275,0.056487876494465086,1.4121969123616271,5.633590721569153,6.161631272450984,10.677881994853587,0.3898742303282924
337,2.4490592086944583,0.09073240265412288,2.268310066353072,5.72837745306174,5.867060398336585,12.830579130073478,0.7547970815727832
338,1.5133731297461763,0.05929397185871783,1.4823492964679457,3.4756962265134628,3.759943324934093,18.5361587697629,0.3692911744286478
339,1.2551689208480425,0.049467818864393796,1.2366954716098448,12.461649524145392,12.50469129992604,4.854547719777165,0.24221980649226726
340,1.1244312378150514,0.04643215391884693,1.1608038479711733,2.5289209872857574,2.581722469939604,7.905537903150065,0.9376683567905958
341,1.9360780980124002,0.0730345324625148,1.82586331156287,4.6020906886773885,4.756296000163271,8.136651495380317,0.9080110836630401
342,1.366863253958655,0.05757487375623646,1.4393718439059116,4.263334590018453,4.4312118165647325,15.401749638058385,0.34879731608699105
343,1.236727298664949,0.05050043355607414,1.2625108389018536,7.125910161336551,5.8173917090105345,8.485303639274424,0.6346380702580473
344,1.2935185505462907,0.049586469137336435,1.2396617284334108,15.319174963650449,14.43775804389119,4.177965807444544,0.27384221165307576
345,1.6163911374842364,0.0647455280007135,1.6186382000178374,8.583440695862825,7.6959983774162355,10.412286099888174,0.20611512871356907
346,1.0522585561252873,0.04508391234406606,1.1270978086016514,4.7215992214425215,5.454048102554298,9.846052648572698,0.3363395289967944
347,1.572243081571796,0.06541654275533124,1.6354135688832807,8.454500568165654,7.19767973631729,10.863013347375277,0.3270998926155012
348,1.0717859163512848,0.0468876221629592,1.1721905540739799,5.638700000944993,4.507055491749105,6.193946128769182,0.8822761011966163
349,1.3161001450741685,0.0500216184857094,1.250540462142735,1.0778751981155867,1.6312795269171518,22.070233919545093,0.8223038147237254
350,1.1678763990350747,0.04780796102816573,1.1951990257041432,6.469594021133634,4.945742003933831,8.614459692253016,0.7096232285590979
351,1.215655612684295,0.04842212178161757,1.210553044540439,1.2019096190349972,1.8851355620347865,9.169393872401821,0.9593452252588969
352,1.0065227929907794,0.038846596927995476,0.9711649231998869,4.898206892321609,6.740238730726685,6.606908405576621,0.42254335310805813
353,1.940959544921551,0.07711327684632173,1.927831921158043,15.619703708855145,14.518177722701973,6.513277761247746,0.24503303855567626
354,1.1551505058016442,0.04976376848590272,1.244094212147568,10.857266442784892,10.976785223214968,5.694460805049094,0.11739843719148924
355,1.4508448418668647,0.06099317390561826,1.5248293476404564,9.794333014934946,8.817411450359963,8.34329942086979,0.3010533582011998
356,1.3883479801413279,0.055137018417882884,1.378425460447072,9.969792844110671,10.723995006834862,6.434038158421225,0.14526373397045378
357,1.23646254729781,0.049184135263585615,1.2296033815896403,1.1409681522900226,2.402738164037065,25.780626572722447,0.09218609736837002
358,1.3199734876493843,0.05163843178628265,1.2909607946570663,13.665262216573037,12.433390427949067,4.19084427953553,0.6029321967069232
359,1.5885246586926582,0.05891523594718248,1.472880898679562,10.261457430837401,11.668725994233169,5.94749232628132,0.3641874497564469
360,1.8657290378269522,0.07629198974189073,1.9072997435472683,8.020756546754502,9.581787058191866,8.312221628982119,0.5645703425961436
361,1.2548834584144772,0.04931176819139314,1.2327942047848286,2.5637445455236434,4.489331436287996,13.636353642798696,0.1913357207205566
362,1.5906953882599748,0.0633293538613583,1.5832338465339575,4.33904063877983,7.133512937087408,8.265109729208802,0.6769058596527606
363,1.1653639251890031,0.0455618393349183,1.1390459833729576,3.0829159378408173,4.122020321105207,13.651886803235529,0.2155054472756598
364,1.2779311241640932,0.049768658945010265,1.2442164736252566,7.355829093769892,9.525237052181929,6.348033678084188,0.27802359374403607
365,2.4591373184215803,0.09400201931343061,2.350050482835765,7.723518733397117,7.759124218006947,10.27680762213261,0.7417604221448768
366,1.038204016712162,0.04199186462539229,1.0497966156348073,0.0,1.9713627438616672,22.325861045765166,0.5597378956447119
367,1.3336862587092195,0.05357349065602536,1.339337266400634,8.875957507427719,9.970230926603708,6.403997015649265,0.33483641286701926
368,1.8652803345306,0.07235089889970554,1.8087724724926384,8.666430841359286,6.33436884514963,12.13147297761035,0.5429887825451936
369,1.1933378568628803,0.047872754961341024,1.1968188740335255,4.3084280550416105,3.9633038144295387,10.999818110366371,0.6939847028582425
370,1.2938821844429074,0.05077021784709955,1.2692554461774888,7.476467519301827,7.4236618438941,3.545626648280981,0.912132121477629
371,1.5539011897988992,0.06341559745094968,1.585389936273742,6.943717489200688,8.564469469520546,7.6244038275875825,0.5807132133944539
372,1.5676255340854663,0.06755035310974801,1.6887588277437002,4.689981619434229,4.935579285383,16.835669093348812,0.2326863788928809
373,1.343581799357484,0.0516917709141338,1.292294272853345,4.13471209417698,4.086603531040363,10.641810827699274,0.7466976307764965
374,1.2927627883561164,0.04846110767618446,1.2115276919046114,5.127921872552097,6.733102668339156,5.721978312707594,0.7777690175547075
375,1.1993557740313165,0.04689119620988441,1.1722799052471102,4.3534825540848745,4.227301873204255,13.745338978088537,0.200401314962654
376,0.9754710657180652,0.040983343700752725,1.024583592518818,4.885316156353595,3.694083699288496,8.02001925441647,0.820574219677886
377,1.111525313955091,0.04453423220894371,1.1133558052235928,3.8767198473327444,4.2249779661721245,11.803482096147881,0.4649348547228265
378,1.6187842819103828,0.06420022790136398,1.6050056975340996,4.07646083930578,4.2736972077100654,11.89553619812134,0.7797666620889452
379,1.421342150176699,0.05353124585329118,1.3382811463322795,8.967452303491683,11.009548718987107,5.973940321477618,0.2374782199882659
380,2.144255167684066,0.08327897261658489,2.081974315414622,5.50545477831918,6.904688646928767,14.386846400902565,0.3325802697176764
381,1.1155303297414894,0.04352475469136714,1.0881188672841786,3.6909860960607896,2.6332909946325738,6.287793055957931,0.9536971192916528
382,1.3910276945394593,0.05309725457221033,1.3274313643052582,8.56747508606979,9.229025732650296,5.4807857674297855,0.657815073149805
383,1.3477196521893695,0.05295182784033472,1.3237956960083679,5.452101157214837,6.381812791657254,6.659386209940772,0.7728778305015418
384,2.2543411697451745,0.08749636026672902,2.1874090066682257,8.721696806197441,9.414279922168797,8.526719830172903,0.6883743432206291
385,1.383672200595571,0.05522332388595568,1.380583097148892,6.444005787245011,6.501471914245841,10.5167277487437,0.20430411784843272
386,1.128474734136457,0.04608581936024061,1.1521454840060152,6.1821263862167655,7.340542297082557,7.006211662644864,0.4706887484465426
387,1.545965658313997,0.05955936237136715,1.4889840592841788,3.269101371033818,3.1425848650635824,14.091715367783685,0.808963872711785
388,1.4976907773172226,0.057630502618541135,1.4407625654635283,3.4297978101459847,4.789805487269044,11.227752659030111,0.6750351269093718
389,1.0476088389636606,0.04442016042009213,1.1105040105023032,8.510775827815188,7.736775825739402,7.261734342408316,0.006027885653297926
390,1.2650753443950205,0.050999196073285014,1.2749799018321253,3.2099917967877607,4.267047574127363,15.059084960943192,0.0874077426528228
391,1.3017548806526837,0.053025065301155375,1.3256266325288844,5.005554547084063,3.6852862281519623,17.069219827342014,0.3467947202135594
392,1.4265402091972865,0.05403700327810587,1.3509250819526468,2.3424001756492725,2.352432828406656,9.55571218883722,0.9443655396185902
393,1.7941886500515447,0.06774222376258766,1.6935555940646916,7.394377570205843,8.240021998601073,9.05739672960843,0.4911904809745835
394,2.4399510869469636,0.09636318888884508,2.409079722221127,27.47185746441775,26.56039685483543,4.418203642323644,0.27017626743033374
395,1.3963826848727128,0.050789223783002574,1.2697305945750643,5.85462428988298,7.229121168986093,8.288911095108581,0.3604237194537099
396,1.0899087655960136,0.04569069954339232,1.1422674885848079,5.91395525730387,6.4610209023212795,8.743768636363354,0.21065262755406322
397,1.9580873391719695,0.07680099187024593,1.9200247967561481,7.868768433101621,7.868843959712237,11.196334926605234,0.42120005717001263
398,1.6632836826322064,0.06600848446976235,1.6502121117440585,8.683981670989194,8.805148474277402,9.253685039561628,0.21803543954947457
399,1.2482196950242395,0.05162747523349693,1.2906868808374232,1.1052770038153112,3.113862472185937,11.18936362803027,0.8457525073029277
400,1.0770526299355745,0.0458312546745376,1.14578136686344,1.6243328847936986,2.544979427407065,20.268334255963953,0.45627059904156286
401,1.213077955634271,0.04768444924978166,1.1921112312445414,7.558925832914362,7.39069149049093,7.834606351046686,0.27980201843577024
402,1.7509421160116319,0.07355790889158736,1.838947722289684,2.8810245626397544,4.200916121999665,7.976374629973642,0.9328916481414816
403,1.064442288274854,0.04165188794947379,1.0412971987368447,10.405508520555554,9.139079221889707,5.472262691187534,0.31435135362919675
404,2.1429598329683412,0.08729758000803933,2.1824395002009833,5.098332627144887,4.603151738358901,9.960196503515744,0.9097146620433381
405,1.2483366956619741,0.04938055928752012,1.2345139821880031,3.4651065842617728,3.9793469749728434,15.680597113409972,0.043418090970277046
406,1.1413854287236127,0.0469510269351163,1.1737756733779074,9.18488989685848,9.405182362158543,4.464634698015188,0.7071150602676761
407,1.7860696769003679,0.07205924237428243,1.801481059357061,12.699871853698667,10.83830772986685,7.3591661223556475,0.4838890390346263
408,2.248507687545115,0.09371148993909754,2.3427872484774386,11.380803637978774,10.444815187102456,10.166889432047018,0.4442210613279802
409,1.3963161316900348,0.05600982023089664,1.400245505772416,5.1663553079716555,4.786136163105484,14.791784694128076,0.03632334435198159
410,1.720944199174765,0.06352585209814883,1.5881463024537208,5.314943380219361,6.730462150653637,11.928176255614577,0.04068319049138114
411,1.2031632089840225,0.049446224161513806,1.2361556040378452,6.706370871387721,5.076759552741763,11.616966196617899,0.33275361706194095
412,2.117730674361845,0.08668176580156216,2.167044145039054,4.953279042166939,3.900877973292961,9.018565063634934,0.9471195399074332
413,1.5544745413500096,0.056869581447808945,1.4217395361952236,4.382675546996287,4.531080934556158,12.484606297277043,0.6176599771146911
414,2.2664145054570257,0.09223111346394969,2.3057778365987422,6.24678798503368,6.7964860542424645,15.953676326985917,0.3688748416809269
415,1.281488704081854,0.04803022649018304,1.200755662254576,10.366878023910788,10.55478196268756,4.551993620029128,0.6119770390549055
416,1.2506114106429553,0.04862623310249876,1.215655827562469,3.100983568200015,4.302920249066989,13.986436572092531,0.2061315362852275
417,1.4677427013976598,0.05941030205065604,1.485257551266401,7.285310237860931,7.756095795568272,9.555381672033157,0.1650664428280374
418,1.4005643608052958,0.057135370128272134,1.4283842532068034,9.362456531883943,8.599296017729428,7.834336603750822,0.3618172655313584
419,1.3122132039834087,0.05254939108153123,1.3137347770382806,8.523752749657739,10.33137402690031,3.2462715287960604,0.8633533515404317
420,1.296471038097597,0.05352213301992259,1.3380533254980647,10.686041105155226,11.0001154793975,5.295777562985775,0.5094017273502238
421,2.382951884777241,0.09519432178278107,2.3798580445695268,5.3737949611726,5.260038988292763,21.85806929552541,0.29690151605685555
422,1.0258305705471265,0.04144758125693655,1.0361895314234137,2.3457549310021926,2.242186893678864,7.282664337379297,0.9502516250691507
423,1.7343868251741028,0.0677512080940734,1.6937802023518347,6.9850392483632175,8.163976202396643,6.0680094120893635,0.8159660896670599
424,1.5370827032478636,0.06300953573644744,1.5752383934111858,8.124594924842917,9.306747816169977,8.104286931359274,0.3229739428024262
425,1.9887492260036759,0.08282066940150973,2.070516735037743,4.5523556369325915,3.463190254474208,7.095296615190435,0.9720982452279924
426,2.2427569880261204,0.09021576915729977,2.255394228932494,0.4839221296542382,1.7084512224705293,10.589409095666268,0.9873510978303908
427,1.7331831776231088,0.06805757723991575,1.7014394309978937,4.915544506341151,3.9068935500327138,20.109197321518245,0.40866013374577803
428,2.6493451406054884,0.10740517506275127,2.685129376568782,12.95222337109022,13.434588686198712,7.632675691625361,0.6559231028884748
429,1.367281965929195,0.0567825514943271,1.4195637873581775,7.194058972086931,6.114262621785995,10.73638335552486,0.40565319845122805
430,1.1668501917153458,0.04645399126181179,1.1613497815452947,9.208760190260373,9.629838695665386,5.8959334356986535,0.2573481057405711
431,1.283974345729898,0.052010609926743535,1.3002652481685884,2.088883053531935,3.25535437414824,20.138786066718993,0.08265267599986825
432,1.5642441238128608,0.0659857841984043,1.6496446049601075,8.236111275794464,7.379556419401003,10.909596508042263,0.26361034611783196
433,1.0221629248523403,0.04237454373272305,1.0593635933180763,8.471921308760214,8.48931253099041,6.076257572808016,0.27147985350974524
434,1.311315033292482,0.05381792316866371,1.3454480792165928,5.564945202913418,4.116368617588967,15.165657511788796,0.3986390796831395
435,1.136673846328675,0.04713515937654845,1.1783789844137111,4.263699167185687,3.3714990820478494,17.37790944100493,0.18488603102530865
436,1.2267789740234423,0.04900693162679085,1.2251732906697712,1.4990795925070206,1.728506221450817,10.771874196216102,0.9538184033144764
437,1.101120063305059,0.0475415884018033,1.1885397100450825,12.275708424385366,12.72537602604834,4.700246194733105,0.10287988538115755
438,3.438250435013051,0.13204034782872742,3.3010086957181852,5.751997806895876,5.728625463608627,22.752743071280833,0.6252085331388015
439,1.129008559466443,0.04322951846189251,1.0807379615473127,4.442823555144388,4.252613537285199,11.535183407584395,0.4416973880462206
440,1.3238347202658092,0.049103344946420706,1.2275836236605175,2.4001315106663026,3.2818800373981114,17.14315924885122,0.42351804897659295
441,1.1217419425366124,0.04850897477457098,1.2127243693642744,8.1817914088681,7.3398518358435245,7.759278837829406,0.3719917829242795
442,1.5333807908978303,0.05942556944810554,1.4856392362026385,4.082037311014741,4.479400802825138,8.322910319071807,0.8683147101724459
443,1.5159742368257638,0.05835193084725743,1.4587982711814356,6.309853918384497,6.7328816635378095,10.521814038665624,0.2804769806468097
444,1.1205003153619655,0.04466630187708912,1.116657546927228,2.841796388825193,3.382484726197696,16.698610531689894,0.020576157393623284
445,1.9000642851635048,0.07634554302304415,1.9086385755761037,3.814447621168029,3.5834303538246575,10.680657918120522,0.9180970159591066
446,1.698491050888493,0.06540994630847888,1.635248657711972,6.726494213421486,7.41854681514234,5.605743699703116,0.8644802775736055
447,2.2538179738205524,0.0882002588232087,2.2050064705802175,9.636150183182123,9.50118007319183,11.282305086147712,0.2769017900460029
448,1.3762489389964911,0.05482784147984876,1.370696036996219,5.5564413494941025,2.789838278392232,21.17906771465523,0.5234875483250184
449,1.306743151652553,0.05361015079240427,1.3402537698101067,6.4854352717014985,6.53904473177284,10.30768780848378,0.10908819726431707
450,1.580991936357876,0.06085885119104606,1.5214712797761514,6.786558360956388,7.220563099255036,10.613951645355591,0.09342706876107576
451,2.474701002282514,0.09977304625773634,2.4943261564434085,10.667100610093602,12.334789838241504,5.5910226473538644,0.8374661084337091
452,1.3189318122099347,0.05654107210248358,1.4135268025620895,12.494469891079314,12.444247966315245,5.240855462389225,0.410265717569233
453,1.4031673376778493,0.052501982056588875,1.3125495514147218,5.5689951494125705,6.678226092662176,7.455239027735427,0.6617165402023071
454,1.1828080554616,0.046484695155597784,1.1621173788899446,1.894685692745452,2.270243811717025,8.603922120797403,0.9432005584771528
455,2.3019106522364186,0.08998406261393374,2.2496015653483434,10.669408660064326,10.517801066417183,10.490885498544424,0.24513059156146222
456,1.6829531071597343,0.06462094964442096,1.6155237411105239,5.840345682135328,7.57133513195748,10.794223221128405,0.013159831290861401
457,1.1120649263745537,0.047145290898913804,1.178632272472845,3.008207035941042,2.850744283542584,20.911323960035787,0.02414840578377242
458,1.115437524567443,0.04472289391963478,1.1180723479908694,4.18511693645248,3.8806017610264356,10.27395094313483,0.7093856924031721
459,1.6005695533411428,0.06265859969914579,1.5664649924786447,0.5526510821267088,1.8497511017933603,16.326178394536704,0.9245518847934782
460,1.2084567107654947,0.047033757454374686,1.1758439363593671,4.963148917903074,5.355458110032162,9.820512054600202,0.467330273012871
461,1.3033804418273953,0.05467622692080199,1.3669056730200497,1.4587331367528473,3.289399498930652,19.488603609797863,0.3751091480975187
462,1.8750514931024076,0.07649598771877518,1.9123996929693794,20.80349680554595,19.227995869703545,4.225912536620436,0.5428604246774043
463,2.1049522301136276,0.08283153706854986,2.0707884267137464,7.399234547564112,7.068671271015267,7.590207463761513,0.8589168375814408
464,1.936230678118616,0.07486695335080591,1.8716738337701477,4.385302909267212,4.5648914102463145,15.725580251190012,0.6521538737929415
465,1.2469076453415011,0.04844972280639416,1.211243070159854,6.285974469304935,6.449410299961097,9.240187819657422,0.23297989668210628
466,1.6548588409830476,0.06756463348081249,1.689115837020312,4.650980180607496,3.519536572541728,15.356983677735489,0.7745802045205736
467,1.1749900915415792,0.04741121065622865,1.1852802664057163,4.88234574262788,4.976511294548491,11.940244517513534,0.13461349733647
468,1.1371320329751589,0.046313981411642446,1.1578495352910612,4.067873882217501,3.737057110941748,15.45878641190227,0.16555997072871287
469,1.703254130996788,0.06587539348528905,1.6468848371322262,6.483934252209214,4.965304691843719,13.262138089415464,0.6126822828089896
470,1.868376107766444,0.07461734542534446,1.8654336356336112,6.374152938284953,6.720320086287152,13.637343720832716,0.23878340614263116
471,1.2464576721803535,0.05357091546284108,1.339272886571027,1.3249069137266796,2.4175422382334117,19.88341959539354,0.7047785475555306
472,1.4246537516357094,0.05898563601511889,1.4746409003779724,3.613491190166675,4.437991764920296,15.750516635874238,0.34951852739195666
473,2.05365820920192,0.07853385147948386,1.9633462869870963,7.46721847529531,6.038554640856011,15.803793321046562,0.27742396000738534
474,1.22098667348888,0.04517950132447569,1.1294875331118923,0.35464625270036965,0.2632179441863126,10.094475347699747,0.9989184059727976
475,1.1966330530300728,0.0489854049155113,1.2246351228877825,7.590609542319434,8.092940830589109,7.649445557729156,0.04061612455845953
476,1.2618125441741346,0.04859899735826277,1.2149749339565692,7.332360493941881,6.358716114142722,7.380537349566485,0.6458225216831122
477,1.294383487950717,0.05226784905813681,1.3066962264534203,5.67259975102241,4.6746423653452505,14.131521364724788,0.03869958501224435
478,1.3163065174657347,0.051421175553529944,1.2855293888382486,12.512876966435416,12.988524734341855,3.25317845334301,0.7602102579190041
479,1.6758404358361525,0.06468692991710806,1.6171732479277015,13.564860774124579,14.53679761121003,5.4772726799839795,0.23008995749829086
480,1.015748991660201,0.04470766793003818,1.1176916982509544,7.205569229297073,8.776097830358284,6.417254494606381,0.08983186707236401
481,1.1892923033122371,0.04882589932829255,1.2206474832073138,3.475184443519907,5.269073364446144,8.922277453805961,0.6484497119090478
482,2.2653438455542014,0.09155917733523757,2.288979433380939,26.216761496496723,26.48174794834272,2.976544588435709,0.7326012172929284
483,1.1924725111833046,0.048591801670166294,1.2147950417541573,1.6367942627175656,2.5299902097543585,17.85435890028968,0.6780953149188439
484,1.173015772359324,0.04647083525700259,1.1617708814250647,6.310809560731251,4.452335150925065,13.183631252609295,0.05190094713420723
485,2.4573490756702214,0.09505283292822325,2.3763208232055812,4.665379415161572,4.606841660466548,24.941150310303694,0.29430694555415615
486,1.2140687669648205,0.04901960081510578,1.2254900203776444,1.4506106752334795,3.3927602184846397,16.30958437270477,0.45108834621987504
487,1.3002312109089562,0.051416169012372094,1.2854042253093023,5.294624171753085,3.875894896243023,16.07221991611707,0.2871032897254965
488,1.5477453973670365,0.06382363094836883,1.5955907737092208,1.8388317267051093,1.6771214172875135,28.192604975303997,0.8105134562703709
489,1.3561019052360184,0.05791362957479179,1.4478407393697947,10.15069940051418,9.445719920141075,7.6879116301890775,0.13111510515269686
490,1.0763684499030175,0.043141477764004045,1.0785369441001011,9.30460960803924,8.62257483120583,5.003896522251601,0.6121793616905918
491,2.547031754508212,0.09849421397670556,2.462355349417639,2.4188617512468737,2.1223051839603344,8.985215977523348,0.9882149436274535
492,1.7237526535917955,0.06500314392602356,1.625078598150589,5.699483031904425,5.1761404014698815,6.839141499503085,0.9025565385988689
493,1.2506602694472824,0.04988128345087795,1.2470320862719488,7.16255720280768,6.923796531077974,8.88445777821226,0.2221570624850986
494,2.1180126720133634,0.08542183695644383,2.1355459239110957,16.41792061882022,17.524306524785654,6.165328221674113,8.188761366767494e-05
495,2.4280740964075997,0.10072455333682312,2.518113833420578,2.289452819580082,1.9227206214376078,12.989008873496887,0.9805973420619889
496,1.8058858277929484,0.07536989625348353,1.8842474063370882,4.560998772975456,3.537093267982915,12.664748501306237,0.8827129846973776
497,1.3236940650032265,0.05549220083714986,1.3873050209287465,2.5838235815167874,2.793879994162605,9.876782312593942,0.9194724663276126
498,1.0140747838816406,0.040186295923655024,1.0046573980913756,4.556613144318601,4.005310926248845,11.542936344566984,0.41550355083763335
499,1.0365315594495688,0.04342623493713232,1.085655873428308,4.3337405367566975,3.9141513915586352,9.3667699626033,0.744615462156731
